Name,Team,Age,Pos,G,GS,rush_att,rush_yds,rush_TD,rush_lng,rush_ya,rush_yg,rush_ag,Tgt,Rec,Yds,Y/R,rec_TD,rec_lng,recqgm,rec_yg,Ctch%,Touch,APYd,Y/Tch,YScm,RRTD,Fmb
Le'Veon Bell*+\BellLe00,PIT,25,RB,15,15,321,1291,9,27,4.0,86.1,21.4,106,85,655,7.7,2,42,5.7,43.7,80.2%,406,1946,4.8,1946,11,3
LeSean McCoy*\McCoLe01,BUF,29,RB,16,16,287,1138,6,48,4.0,71.1,17.9,77,59,448,7.6,2,39,3.7,28.0,76.6%,346,1586,4.6,1586,8,3
Melvin Gordon\GordMe00,LAC,24,RB,16,16,284,1105,8,87,3.9,69.1,17.8,83,58,476,8.2,4,49,3.6,29.8,69.9%,342,1581,4.6,1581,12,1
Todd Gurley*+\GurlTo01,LAR,23,RB,15,15,279,1305,13,57,4.7,87.0,18.6,87,64,788,12.3,6,80,4.3,52.5,73.6%,343,2093,6.1,2093,19,5
Jordan Howard\HowaJo00,CHI,23,RB,16,16,276,1122,9,53,4.1,70.1,17.3,32,23,125,5.4,0,12,1.4,7.8,71.9%,299,1247,4.2,1247,9,1
Kareem Hunt*\HuntKa00,KAN,22,RB,16,16,272,1327,8,69,4.9,82.9,17.0,63,53,455,8.6,3,78,3.3,28.4,84.1%,325,1782,5.5,1782,11,1
Leonard Fournette\FourLe00,JAX,22,RB,13,13,268,1040,9,90,3.9,80.0,20.6,48,36,302,8.4,1,28,2.8,23.2,75.0%,304,1342,4.4,1342,10,2
Frank Gore\GoreFr00,IND,34,RB,16,16,261,961,3,21,3.7,60.1,16.3,38,29,245,8.4,1,26,1.8,15.3,76.3%,290,1198,4.1,1206,4,3
C.J. Anderson\AndeC.00,DEN,26,RB,16,16,245,1007,3,40,4.1,62.9,15.3,40,28,224,8.0,1,25,1.8,14.0,70.0%,273,1231,4.5,1231,4,1
Ezekiel Elliott\ElliEz00,DAL,22,RB,10,10,242,983,7,30,4.1,98.3,24.2,38,26,269,10.3,2,72,2.6,26.9,68.4%,268,1252,4.7,1252,9,1
Carlos Hyde\HydeCa00,SFO,27,RB,16,16,240,938,8,61,3.9,58.6,15.0,88,59,350,5.9,0,18,3.7,21.9,67.0%,299,1282,4.3,1288,8,2
Lamar Miller\MillLa01,HOU,26,RB,16,13,238,888,3,21,3.7,55.5,14.9,45,36,327,9.1,3,32,2.3,20.4,80.0%,274,1215,4.4,1215,6,1
Mark Ingram*\IngrMa01,NOR,28,RB,16,13,230,1124,12,72,4.9,70.3,14.4,71,58,416,7.2,0,54,3.6,26.0,81.7%,288,1540,5.3,1540,12,3
Latavius Murray\MurrLa00,MIN,27,RB,16,11,216,842,8,46,3.9,52.6,13.5,17,15,103,6.9,0,28,0.9,6.4,88.2%,231,945,4.1,945,8,1
Alex Collins\CollAl00,BAL,23,RB,15,12,212,973,6,50,4.6,64.9,14.1,36,23,187,8.1,0,37,1.5,12.5,63.9%,237,1210,5.1,1160,6,4
Jay Ajayi\AjayJa00,2TM,24,,14,8,208,873,1,71,4.2,62.4,14.9,34,24,158,6.6,1,32,1.7,11.3,70.6%,232,1031,4.4,1031,2,3
Marshawn Lynch\LyncMa00,OAK,31,RB,15,15,207,891,7,51,4.3,59.4,13.8,31,20,151,7.6,0,26,1.3,10.1,64.5%,227,1042,4.6,1042,7,1
Isaiah Crowell\CrowIs00,CLE,24,RB,16,16,206,853,2,59,4.1,53.3,12.9,42,28,182,6.5,0,38,1.8,11.4,66.7%,234,1035,4.4,1035,2,1
Jonathan Stewart\StewJo00,CAR,30,RB,15,10,198,680,6,60,3.4,45.3,13.2,15,8,52,6.5,1,21,0.5,3.5,53.3%,206,732,3.6,732,7,3
Devonta Freeman\FreeDe00,ATL,25,RB,14,14,196,865,7,44,4.4,61.8,14.0,47,36,317,8.8,1,29,2.6,22.6,76.6%,232,1182,5.1,1182,8,4
DeMarco Murray\MurrDe00,TEN,29,RB,15,15,184,659,6,75,3.6,43.9,12.3,47,39,266,6.8,1,18,2.6,17.7,83.0%,223,925,4.1,925,7,1
Dion Lewis\LewiDi00,NWE,27,RB,16,8,180,896,6,44,5.0,56.0,11.3,35,32,214,6.7,3,20,2.0,13.4,91.4%,235,1680,7.1,1110,9,0
Joe Mixon\MixoJo00,CIN,21,rb,14,7,178,626,4,25,3.5,44.7,12.7,34,30,287,9.6,0,67,2.1,20.5,88.2%,208,913,4.4,913,4,3
Bilal Powell\PoweBi00,NYJ,29,RB,15,10,178,772,5,75,4.3,51.5,11.9,33,23,170,7.4,0,31,1.5,11.3,69.7%,201,942,4.7,942,5,1
Derrick Henry\HenrDe00,TEN,23,rb,16,2,176,744,5,75,4.2,46.5,11.0,17,11,136,12.4,1,66,0.7,8.5,64.7%,187,880,4.7,880,6,1
Samaje Perine\PeriSa00,WAS,22,RB,16,8,175,603,1,30,3.4,37.7,10.9,24,22,182,8.3,1,25,1.4,11.4,91.7%,199,833,4.2,785,2,2
LeGarrette Blount\BlouLe00,PHI,31,RB,16,11,173,766,2,68,4.4,47.9,10.8,8,8,50,6.3,1,20,0.5,3.1,100.0%,181,816,4.5,816,3,1
Orleans Darkwa\DarkOr00,NYG,25,RB,15,11,171,751,5,75,4.4,50.1,11.4,28,19,116,6.1,0,13,1.3,7.7,67.9%,190,867,4.6,867,5,1
Ameer Abdullah\AbduAm00,DET,24,RB,14,11,165,552,4,34,3.3,39.4,11.8,35,25,162,6.5,1,22,1.8,11.6,71.4%,198,893,4.5,714,5,2
Tevin Coleman\ColeTe01,ATL,24,fb/rb,15,3,156,628,5,52,4.0,41.9,10.4,39,27,299,11.1,3,39,1.8,19.9,69.2%,183,927,5.1,927,8,1
Adrian Peterson\PeteAd01,2TM,32,,10,7,156,529,2,27,3.4,52.9,15.6,19,11,70,6.4,0,13,1.1,7.0,57.9%,167,599,3.6,599,2,3
Javorius Allen\AlleJa01,BAL,26,,16,0,153,591,4,37,3.9,36.9,9.6,60,46,250,5.4,2,20,2.9,15.6,76.7%,199,841,4.2,841,6,0
Jamaal Williams\WillJa06,GNB,22,rb,16,7,153,556,4,25,3.6,34.8,9.6,34,25,262,10.5,2,54,1.6,16.4,73.5%,178,818,4.6,818,6,0
Jerick McKinnon\McKiJe00,MIN,25,rb,16,1,150,570,3,58,3.8,35.6,9.4,68,51,421,8.3,2,41,3.2,26.3,75.0%,213,1303,6.1,991,5,3
Cam Newton\NewtCa00,CAR,28,QB,16,16,139,754,6,69,5.4,47.1,8.7,,,,,,,,,,139,737,5.3,754,6,9
Doug Martin\MartDo00,TAM,28,RB,11,8,138,406,3,27,2.9,36.9,12.5,18,9,84,9.3,0,17,0.8,7.6,50.0%,147,490,3.3,490,3,1
Kenyan Drake\DrakKe00,MIA,23,rb,16,6,133,644,3,66,4.8,40.3,8.3,48,32,239,7.5,1,47,2.0,14.9,66.7%,172,1030,6.0,883,4,2
Alvin Kamara*\KamaAl00,NOR,22,fb/rb,16,3,120,728,8,74,6.1,45.5,7.5,100,81,826,10.2,5,40,5.1,51.6,81.0%,212,1901,9.0,1554,13,1
Kerwynn Williams\WillKe05,ARI,26,rb,16,6,120,426,1,25,3.6,26.6,7.5,15,10,93,9.3,0,25,0.6,5.8,66.7%,167,982,5.9,519,1,0
Christian McCaffrey\McCaCh01,CAR,21,RB,16,10,117,435,2,40,3.7,27.2,7.3,113,80,651,8.1,5,37,5.0,40.7,70.8%,222,1306,5.9,1086,7,2
Alfred Morris\MorrAl00,DAL,29,rb,14,5,115,547,1,70,4.8,39.1,8.2,9,7,45,6.4,0,13,0.5,3.2,77.8%,122,592,4.9,592,1,0
Chris Ivory\IvorCh00,JAX,29,rb,14,3,112,382,1,34,3.4,27.3,8.0,28,21,175,8.3,1,29,1.5,12.5,75.0%,133,557,4.2,557,2,2
Wayne Gallman\GallWa00,NYG,23,rb,13,1,111,476,0,24,4.3,36.6,8.5,48,34,193,5.7,1,11,2.6,14.8,70.8%,145,669,4.6,669,1,3
Peyton Barber\BarbPe01,TAM,23,rb,16,4,108,423,3,34,3.9,26.4,6.8,19,16,114,7.1,0,34,1.0,7.1,84.2%,124,537,4.3,537,3,2
Giovani Bernard\BernGi00,CIN,26,rb,16,2,105,458,2,25,4.4,28.6,6.6,60,43,389,9.0,2,61,2.7,24.3,71.7%,149,854,5.7,847,4,0
Matt Breida\BreiMa00,SFO,22,,16,0,105,465,2,33,4.4,29.1,6.6,36,21,180,8.6,1,32,1.3,11.3,58.3%,131,728,5.6,645,3,1
Mike Gillislee\GillMi00,NWE,27,rb,9,2,104,383,5,16,3.7,42.6,11.6,1,1,15,15.0,0,15,0.1,1.7,100.0%,105,398,3.8,398,5,1
Matt Forte\FortMa00,NYJ,32,rb,12,4,103,381,2,20,3.7,31.8,8.6,45,37,293,7.9,1,34,3.1,24.4,82.2%,140,674,4.8,674,3,1
Russell Wilson*\WilsRu00,SEA,29,QB,16,16,95,586,3,31,6.2,36.6,5.9,,,,,,,,,,95,575,6.1,586,3,14
Marlon Mack\MackMa00,IND,21,,14,0,93,358,3,35,3.8,25.6,6.6,33,21,225,10.7,1,34,1.5,16.1,63.6%,117,652,5.6,583,4,1
Elijah McGuire\McGuEl00,NYJ,23,rb,16,2,88,315,1,69,3.6,19.7,5.5,26,17,177,10.4,1,38,1.1,11.1,65.4%,110,585,5.3,492,2,2
Tarik Cohen\CoheTa00,CHI,22,rb/wr,16,4,87,370,2,46,4.3,23.1,5.4,71,53,353,6.7,1,70,3.3,22.1,74.6%,195,1578,8.1,723,3,3
Theo Riddick\RiddTh00,DET,26,rb,16,5,84,286,3,21,3.4,17.9,5.3,71,53,444,8.4,2,63,3.3,27.8,74.6%,137,730,5.3,730,5,1
Tyrod Taylor\TaylTy00,BUF,28,QB,15,14,84,427,4,32,5.1,28.5,5.6,,,,,,,,,,84,420,5.0,427,4,4
Duke Johnson\JohnDu00,CLE,24,,16,0,82,348,4,19,4.2,21.8,5.1,93,74,693,9.4,3,41,4.6,43.3,79.6%,159,1058,6.7,1041,7,4
Aaron Jones\JoneAa00,GNB,23,rb,12,4,81,448,4,46,5.5,37.3,6.8,18,9,22,2.4,0,9,0.8,1.8,50.0%,90,470,5.2,470,4,0
Devontae Booker\BookDe00,DEN,25,,13,0,79,299,1,26,3.8,23.0,6.1,38,30,275,9.2,0,29,2.3,21.2,78.9%,123,850,6.9,574,1,2
D'Onta Foreman\ForeDO00,HOU,21,rb,10,1,78,327,2,39,4.2,32.7,7.8,8,6,83,13.8,0,34,0.6,8.3,75.0%,85,422,5.0,410,2,2
DeShone Kizer\KizeDe00,CLE,21,QB,15,15,77,419,5,20,5.4,27.9,5.1,,,,,,,,,,77,405,5.3,419,5,9
Corey Clement\ClemCo00,PHI,23,,16,0,74,321,4,28,4.3,20.1,4.6,15,10,123,12.3,2,28,0.6,7.7,66.7%,86,493,5.7,444,6,0
Dalvin Cook\CookDa01,MIN,22,rb,4,4,74,354,2,33,4.8,88.5,18.5,16,11,90,8.2,0,36,2.8,22.5,68.8%,85,444,5.2,444,2,1
Alfred Blue\BlueAl00,HOU,26,,11,0,71,262,1,48,3.7,23.8,6.5,9,7,54,7.7,0,14,0.6,4.9,77.8%,78,316,4.1,316,1,0
Ty Montgomery\MontTy01,GNB,24,rb,8,5,71,273,3,37,3.8,34.1,8.9,31,23,173,7.5,1,23,2.9,21.6,74.2%,94,446,4.7,446,4,0
Jamaal Charles\CharJa00,DEN,31,,14,0,69,296,1,19,4.3,21.1,4.9,28,23,129,5.6,0,20,1.6,9.2,82.1%,92,425,4.6,425,1,2
Eddie Lacy\LacyEd00,SEA,27,rb,9,3,69,179,0,19,2.6,19.9,7.7,6,6,47,7.8,0,14,0.7,5.2,100.0%,75,226,3.0,226,0,0
Mike Davis\DaviMi01,SEA,24,rb,6,6,68,240,0,33,3.5,40.0,11.3,18,15,131,8.7,0,23,2.5,21.8,83.3%,83,371,4.5,371,0,0
Mike Tolbert\TolbMi00,BUF,32,,12,0,66,247,1,25,3.7,20.6,5.5,17,14,78,5.6,0,12,1.2,6.5,82.4%,80,325,4.1,325,1,2
Rex Burkhead\BurkRe00,NWE,27,rb,10,3,64,264,5,31,4.1,26.4,6.4,36,30,254,8.5,3,23,3.0,25.4,83.3%,95,535,5.6,518,8,1
Jacquizz Rodgers\RodgJa00,TAM,27,rb,16,4,64,244,1,36,3.8,15.3,4.0,11,9,74,8.2,0,15,0.6,4.6,81.8%,84,573,6.8,318,1,0
Chris Thompson\ThomCh03,WAS,27,rb,10,1,64,294,2,61,4.6,29.4,6.4,54,39,510,13.1,4,74,3.9,51.0,72.2%,111,967,8.7,804,6,3
Carson Wentz*\WentCa00,PHI,25,QB,13,13,64,299,0,24,4.7,23.0,4.9,,,,,,,,,,64,276,4.3,299,0,9
Jacoby Brissett\BrisJa00,IND,24,QB,16,15,63,260,4,25,4.1,16.3,3.9,,,,,,,,,,63,247,3.9,260,4,8
Malcolm Brown\BrowMa03,LAR,24,rb,11,1,63,246,1,20,3.9,22.4,5.7,11,9,53,5.9,0,16,0.8,4.8,81.8%,72,299,4.2,299,1,1
Robert Kelley\KellRo00,WAS,25,rb,7,7,62,194,3,21,3.1,27.7,8.9,7,4,18,4.5,0,9,0.6,2.6,57.1%,67,228,3.4,212,3,0
Marcus Mariota\MariMa01,TEN,24,QB,15,15,60,312,5,34,5.2,20.8,4.0,,,,,,,,,,60,305,5.1,312,5,2
Alex Smith*\SmitAl03,KAN,33,QB,15,15,60,355,1,70,5.9,23.7,4.0,,,,,,,,,,60,353,5.9,355,1,2
Tavon Austin\AustTa00,LAR,27,WR,16,9,59,270,1,27,4.6,16.9,3.7,22,13,47,3.6,0,13,0.8,2.9,59.1%,85,383,4.5,317,1,5
Thomas Rawls\RawlTh00,SEA,24,rb,12,3,58,157,0,23,2.7,13.1,4.8,13,9,94,10.4,0,22,0.8,7.8,69.2%,67,251,3.7,251,0,1
Blake Bortles\BortBl00,JAX,25,QB,16,16,57,322,2,28,5.6,20.1,3.6,,,,,,,,,,57,316,5.5,322,2,9
Dak Prescott\PresDa01,DAL,24,QB,16,16,57,357,6,21,6.3,22.3,3.6,,,,,,,,,,57,357,6.3,357,6,4
DeAndre Washington\WashDe00,OAK,24,,15,0,57,153,2,11,2.7,10.2,3.8,45,34,197,5.8,1,15,2.3,13.1,75.6%,96,436,4.5,350,3,2
Jalen Richard\RichJa01,OAK,24,rb,16,1,56,275,1,52,4.9,17.2,3.5,36,27,256,9.5,1,39,1.7,16.0,75.0%,117,776,6.6,531,2,8
Rod Smith\SmitRo06,DAL,25,rb,15,1,55,232,4,45,4.2,15.5,3.7,23,19,202,10.6,1,81,1.3,13.5,82.6%,75,454,6.1,434,5,0
Chris Carson\CarsCh00,SEA,23,rb,4,3,49,208,0,30,4.2,52.0,12.3,8,7,59,8.4,1,10,1.8,14.8,87.5%,56,267,4.8,267,1,0
Kirk Cousins\CousKi00,WAS,29,QB,16,16,49,179,4,18,3.7,11.2,3.1,,,,,,,,,,49,127,2.6,179,4,13
T.J. Yeldon\YeldT.00,JAX,24,,10,0,49,253,2,58,5.2,25.3,4.9,41,30,224,7.5,0,20,3.0,22.4,73.2%,79,477,6.0,477,2,2
Austin Ekeler\EkelAu00,LAC,22,,16,0,47,260,2,35,5.5,16.3,2.9,35,27,279,10.3,3,38,1.7,17.4,77.1%,79,624,7.9,539,5,2
Wendell Smallwood\SmalWe00,PHI,23,rb,8,3,47,174,1,26,3.7,21.8,5.9,18,13,103,7.9,0,24,1.6,12.9,72.2%,64,370,5.8,277,1,0
J.D. McKissic\McKiJ.00,SEA,24,rb,13,1,46,187,1,30,4.1,14.4,3.5,46,34,266,7.8,2,27,2.6,20.5,73.9%,80,453,5.7,453,3,0
Damien Williams\WillDa05,MIA,25,rb,11,4,46,181,0,69,3.9,16.5,4.2,28,20,155,7.8,1,24,1.8,14.1,71.4%,67,329,4.9,336,1,0
Chris Johnson\JohnCh04,ARI,32,rb,4,3,45,114,0,11,2.5,28.5,11.3,6,5,43,8.6,0,15,1.3,10.8,83.3%,50,157,3.1,157,0,0
Shane Vereen\VereSh00,NYG,28,,16,0,45,164,0,17,3.6,10.3,2.8,53,44,253,5.8,0,20,2.8,15.8,83.0%,98,613,6.3,417,0,0
James White\WhitJa02,NWE,25,rb,14,4,43,171,0,10,4.0,12.2,3.1,72,56,429,7.7,3,27,4.0,30.6,77.8%,99,600,6.1,600,3,0
Tion Green\GreeTi00,DET,24,,5,0,42,165,2,33,3.9,33.0,8.4,2,2,14,7.0,0,9,0.4,2.8,100.0%,44,179,4.1,179,2,0
Paul Perkins\PerkPa00,NYG,23,rb,11,4,41,90,0,14,2.2,8.2,3.7,10,8,46,5.8,0,11,0.7,4.2,80.0%,49,136,2.8,136,0,0
Mitch Trubisky\TrubMi00,CHI,23,QB,12,12,41,248,2,46,6.0,20.7,3.4,,,,,,,,,,41,235,5.7,248,2,10
Case Keenum\KeenCa00,MIN,29,QB,15,14,40,160,1,22,4.0,10.7,2.7,,,,,,,,,,40,160,4.0,160,1,1
Terrance West\WestTe00,BAL,26,rb,5,4,39,138,2,13,3.5,27.6,7.8,4,2,23,11.5,0,15,0.4,4.6,50.0%,41,161,3.9,161,2,1
Andy Dalton\DaltAn00,CIN,30,QB,16,16,38,99,0,25,2.6,6.2,2.4,,,,,,,,,,38,95,2.5,99,0,4
Jeremy Hill\HillJe01,CIN,25,rb,7,7,37,116,0,13,3.1,16.6,5.3,4,4,16,4.0,0,10,0.6,2.3,100.0%,41,132,3.2,132,0,1
Josh McCown\McCoJo01,NYJ,38,QB,13,13,37,124,5,22,3.4,9.5,2.8,,,,,,,,,,37,116,3.1,124,5,11
Brett Hundley\HundBr00,GNB,24,QB,11,9,36,270,2,24,7.5,24.5,3.3,1,1,10,10.0,0,10,0.1,0.9,100.0%,37,280,7.6,280,2,4
Deshaun Watson\WatsDe00,HOU,22,qb,7,6,36,269,2,49,7.5,38.4,5.1,,,,,,,,,,36,269,7.5,269,2,3
Branden Oliver\OlivBr01,LAC,26,,8,0,35,83,0,26,2.4,10.4,4.4,11,6,26,4.3,0,11,0.8,3.3,54.5%,41,109,2.7,109,0,0
Drew Brees*\BreeDr00,NOR,38,QB,16,16,33,12,2,7,0.4,0.8,2.1,,,,,,,,,,33,0,0.0,12,2,5
Jameis Winston\WinsJa00,TAM,23,QB,13,13,33,135,1,17,4.1,10.4,2.5,,,,,,,,,,33,126,3.8,135,1,15
James Conner\ConnJa00,PIT,22,,14,0,32,144,0,23,4.5,10.3,2.3,1,0,0,,0,0,0.0,0.0,0.0%,32,144,4.5,144,0,0
Matt Ryan\RyanMa00,ATL,32,QB,16,16,32,143,0,16,4.5,8.9,2.0,,,,,,,,,,32,139,4.3,143,0,4
Elijhaa Penny\PennEl00,ARI,24,,16,0,31,124,2,14,4.0,7.8,1.9,6,4,38,9.5,0,18,0.3,2.4,66.7%,35,162,4.6,162,2,0
Trevor Siemian\SiemTr00,DEN,26,QB,11,10,31,127,1,15,4.1,11.5,2.8,,,,,,,,,,31,127,4.1,127,1,5
Corey Grant\GranCo00,JAX,26,,16,0,30,248,2,58,8.3,15.5,1.9,4,3,41,13.7,0,28,0.2,2.6,75.0%,52,768,14.8,289,2,1
Terron Ward\WardTe00,ATL,25,,14,0,30,129,0,17,4.3,9.2,2.1,3,3,14,4.7,0,11,0.2,1.0,100.0%,33,143,4.3,143,0,1
Matthew Stafford\StafMa00,DET,29,QB,16,16,29,98,0,15,3.4,6.1,1.8,,,,,,,,,,29,85,2.9,98,0,11
Jared Goff*\GoffJa00,LAR,23,QB,15,15,28,51,1,22,1.8,3.4,1.9,,,,,,,,,,28,51,1.8,51,1,8
Ben Roethlisberger*\RoetBe00,PIT,35,QB,15,15,28,47,0,14,1.7,3.1,1.9,,,,,,,,,,28,37,1.3,47,0,3
C.J. Beathard\BeatC.00,SFO,24,qb,7,5,26,136,3,16,5.2,19.4,3.7,,,,,,,,,,26,136,5.2,136,3,3
Stevan Ridley\RidlSt00,PIT,28,rb,2,1,26,108,1,21,4.2,54.0,13.0,,,,,,,,,,26,108,4.2,108,1,0
Tom Brady*+\BradTo00,NWE,40,QB,16,16,25,28,0,7,1.1,1.8,1.6,,,,,,,,,,25,4,0.2,28,0,7
Joe Flacco\FlacJo00,BAL,32,QB,16,16,25,54,1,25,2.2,3.4,1.6,,,,,,,,,,25,51,2.0,54,1,6
Aaron Rodgers\RodgAa00,GNB,34,qb,7,7,24,126,0,18,5.3,18.0,3.4,,,,,,,,,,24,126,5.3,126,0,1
Travaris Cadet\CadeTr00,2TM,28,,9,0,23,96,0,12,4.2,10.7,2.6,19,16,119,7.4,0,16,1.8,13.2,84.2%,39,215,5.5,215,0,0
Derek Carr*\CarrDe02,OAK,26,QB,15,15,23,66,0,32,2.9,4.4,1.5,,,,,,,,,,23,64,2.8,66,0,8
Blaine Gabbert\GabbBl00,ARI,28,qb,5,5,23,82,0,12,3.6,16.4,4.6,,,,,,,,,,23,71,3.1,82,0,7
Robert Turbin\TurbRo00,IND,28,rb,6,1,23,53,1,7,2.3,8.8,3.8,11,9,56,6.2,0,16,1.5,9.3,81.8%,32,109,3.4,109,1,0
Kapri Bibbs\BibbKa00,WAS,24,,3,0,21,79,0,16,3.8,26.3,7.0,17,14,128,9.1,1,36,4.7,42.7,82.4%,37,224,6.1,207,1,0
Charles Sims\SimsCh00,TAM,27,,16,0,21,95,0,21,4.5,5.9,1.3,47,35,249,7.1,1,25,2.2,15.6,74.5%,58,376,6.5,344,1,1
Andre Ellington\ElliAn00,2TM,28,,12,2,20,55,1,14,2.8,4.6,1.7,59,39,369,9.5,0,29,3.3,30.8,66.1%,59,424,7.2,424,1,0
Dwayne Washington\WashDw00,DET,23,,5,0,20,44,0,6,2.2,8.8,4.0,2,2,14,7.0,0,10,0.4,2.8,100.0%,24,89,3.7,58,0,0
Jay Cutler\CutlJa00,MIA,34,QB,14,14,19,32,0,9,1.7,2.3,1.4,,,,,,,,,,19,27,1.4,32,0,6
Cameron Artis-Payne\ArtiCa00,CAR,27,,13,0,18,95,1,43,5.3,7.3,1.4,1,1,2,2.0,0,2,0.1,0.2,100.0%,19,97,5.1,97,1,0
Philip Rivers*\RivePh00,LAC,36,QB,16,16,18,-2,0,8,-0.1,-0.1,1.1,,,,,,,,,,18,-6,-0.3,-2,0,8
Charcandrick West\WestCh01,KAN,26,,13,0,18,72,2,21,4.0,5.5,1.4,34,27,150,5.6,2,25,2.1,11.5,79.4%,47,259,5.5,222,4,1
Tyreek Hill*\HillTy00,KAN,23,WR,15,13,17,59,0,16,3.5,3.9,1.1,105,75,1183,15.8,7,79,5.0,78.9,71.4%,117,1446,12.4,1242,7,2
Kenjon Barner\BarnKe00,PHI,27,rb,13,1,16,57,1,18,3.6,4.4,1.2,8,5,56,11.2,0,22,0.4,4.3,62.5%,58,547,9.4,113,1,3
Ryan Fitzpatrick\FitzRy00,TAM,35,qb,6,3,16,76,0,15,4.8,12.7,2.7,,,,,,,,,,16,76,4.8,76,0,0
Jimmy Garoppolo\GaroJi00,SFO,26,qb,6,5,15,11,1,8,0.7,1.8,2.5,1,1,-6,-6.0,0,-6,0.2,-1.0,100.0%,16,4,0.3,5,1,1
Darren Sproles\SproDa00,PHI,34,,3,0,15,61,0,12,4.1,20.3,5.0,12,7,73,10.4,0,16,2.3,24.3,58.3%,23,144,6.3,134,0,1
Brock Osweiler\OsweBr00,DEN,27,qb,6,4,14,64,1,18,4.6,10.7,2.3,,,,,,,,,,14,64,4.6,64,1,2
Carson Palmer\PalmCa00,ARI,38,qb,7,7,14,12,0,4,0.9,1.7,2.0,,,,,,,,,,14,10,0.7,12,0,2
Anthony Sherman\SherAn00,KAN,29,fb,16,3,14,40,1,9,2.9,2.5,0.9,8,6,47,7.8,0,11,0.4,2.9,75.0%,21,94,4.5,87,1,0
Danny Woodhead\WoodDa02,BAL,32,,8,0,14,56,0,10,4.0,7.0,1.8,39,33,200,6.1,0,22,4.1,25.0,84.6%,47,256,5.4,256,0,0
Zach Zenner\ZennZa00,DET,26,,8,0,14,26,1,14,1.9,3.3,1.8,1,0,0,,0,0,0.0,0.0,0.0%,17,88,5.2,26,1,0
Travis Benjamin\BenjTr00,LAC,28,wr,16,3,13,96,0,22,7.4,6.0,0.8,62,34,567,16.7,4,62,2.1,35.4,54.8%,74,920,12.4,663,4,2
Brandon Bolden\BoldBr00,NWE,27,,16,0,13,67,0,20,5.2,4.2,0.8,4,1,7,7.0,0,7,0.1,0.4,25.0%,14,74,5.3,74,0,0
Cordarrelle Patterson\PattCo00,OAK,26,wr,16,2,13,121,2,47,9.3,7.6,0.8,42,31,309,10.0,0,59,1.9,19.3,73.8%,63,968,15.4,430,2,3
Eli Manning\MannEl00,NYG,36,QB,15,15,12,26,1,14,2.2,1.7,0.8,,,,,,,,,,12,21,1.8,26,1,11
Lance Dunbar\DunbLa00,LAR,27,,4,0,11,51,1,12,4.6,12.8,2.8,3,1,1,1.0,0,1,0.3,0.3,33.3%,12,52,4.3,52,1,0
Nick Foles\FoleNi00,PHI,28,qb,7,3,11,3,0,9,0.3,0.4,1.6,,,,,,,,,,11,-5,-0.5,3,0,6
Brian Hill\HillBr02,2TM,22,,7,0,11,37,0,11,3.4,5.3,1.6,2,2,36,18.0,0,34,0.3,5.1,100.0%,13,73,5.6,73,0,0
David Johnson\JohnDa08,ARI,26,rb,1,1,11,23,0,6,2.1,23.0,11.0,9,6,67,11.2,0,24,6.0,67.0,66.7%,17,90,5.3,90,0,2
C.J. Prosise\ProsC.00,SEA,23,,5,0,11,23,0,8,2.1,4.6,2.2,11,6,87,14.5,0,46,1.2,17.4,54.5%,17,110,6.5,110,0,0
Ted Ginn\GinnTe00,NOR,32,WR,15,10,10,39,0,15,3.9,2.6,0.7,70,53,787,14.8,4,54,3.5,52.5,75.7%,87,985,11.3,826,4,2
Kevin Hogan\HogaKe00,CLE,25,qb,4,1,10,71,0,11,7.1,17.8,2.5,,,,,,,,,,10,71,7.1,71,0,1
Tyler Lockett\LockTy00,SEA,25,WR,16,8,10,58,0,22,5.8,3.6,0.6,71,45,555,12.3,2,74,2.8,34.7,63.4%,128,1799,14.1,613,2,0
Randall Cobb\CobbRa00,GNB,27,WR,15,14,9,17,0,10,1.9,1.1,0.6,92,66,653,9.9,4,46,4.4,43.5,71.7%,75,670,8.9,670,4,1
Brandin Cooks\CookBr00,NWE,24,WR,16,15,9,40,0,13,4.4,2.5,0.6,114,65,1082,16.6,7,64,4.1,67.6,57.0%,74,1122,15.2,1122,7,0
Benny Cunningham\CunnBe01,CHI,27,,14,0,9,29,0,12,3.2,2.1,0.6,26,20,240,12.0,2,40,1.4,17.1,76.9%,36,416,11.6,269,2,1
Trey Edmunds\EdmuTr00,NOR,23,,16,0,9,48,1,41,5.3,3.0,0.6,,,,,,,,,,12,113,9.4,48,1,0
Brian Hoyer\HoyeBr00,2TM,32,,11,6,9,4,1,9,0.4,0.4,0.8,,,,,,,,,,9,1,0.1,4,1,3
Sean Mannion\MannSe00,LAR,25,qb,5,1,9,-2,0,3,-0.2,-0.4,1.8,,,,,,,,,,9,-2,-0.2,-2,0,2
Byron Marshall\MarsBy01,WAS,23,,4,0,9,32,0,11,3.6,8.0,2.3,8,6,36,6.0,0,12,1.5,9.0,75.0%,19,157,8.3,68,0,0
Jamize Olawale\OlawJa00,OAK,28,,12,0,9,43,1,11,4.8,3.6,0.8,7,6,33,5.5,0,9,0.5,2.8,85.7%,16,85,5.3,76,1,1
Drew Stanton\StanDr00,ARI,33,qb,5,4,9,7,0,5,0.8,1.4,1.8,,,,,,,,,,9,7,0.8,7,0,3
Andre Williams\WillAn00,LAC,25,,8,0,9,25,0,7,2.8,3.1,1.1,,,,,,,,,,9,25,2.8,25,0,0
Mack Brown\BrowMa02,2TM,26,,4,0,8,29,0,11,3.6,7.3,2.0,1,1,11,11.0,0,11,0.3,2.8,100.0%,10,57,5.7,40,0,0
Stefon Diggs\DiggSt00,MIN,24,WR,14,14,8,13,0,9,1.6,0.9,0.6,95,64,849,13.3,8,59,4.6,60.6,67.4%,72,862,12.0,862,8,0
Taylor Gabriel\GabrTa00,ATL,26,wr,16,4,8,49,0,15,6.1,3.1,0.5,51,33,378,11.5,1,40,2.1,23.6,64.7%,41,427,10.4,427,1,0
Akeem Hunt\HuntAk01,KAN,24,,15,0,8,23,0,11,2.9,1.5,0.5,7,4,31,7.8,0,20,0.3,2.1,57.1%,37,665,18.0,54,0,0
Landry Jones\JoneLa02,PIT,28,qb,3,1,8,-10,0,0,-1.3,-3.3,2.7,,,,,,,,,,8,-10,-1.3,-10,0,1
Senorise Perry\PerrSe00,MIA,26,,16,0,8,30,0,12,3.8,1.9,0.5,1,1,3,3.0,0,3,0.1,0.2,100.0%,19,237,12.5,33,0,0
Taywan Taylor\TaylTa00,TEN,22,wr,16,4,8,43,0,17,5.4,2.7,0.5,28,16,231,14.4,1,53,1.0,14.4,57.1%,24,274,11.4,274,1,0
Joe Webb\WebbJo00,BUF,31,,16,0,8,54,0,22,6.8,3.4,0.5,,,,,,,,,,8,54,6.8,54,0,0
Jamison Crowder\CrowJa00,WAS,24,wr,15,6,7,34,0,11,4.9,2.3,0.5,103,66,789,12.0,3,41,4.4,52.6,64.1%,100,994,9.9,823,3,6
C.J. Ham\HamxC.00,MIN,24,fb,16,1,7,13,1,3,1.9,0.8,0.4,8,7,68,9.7,0,12,0.4,4.3,87.5%,14,81,5.8,81,1,0
De'Angelo Henderson\HendDe01,DEN,25,,5,0,7,13,0,5,1.9,2.6,1.4,2,2,36,18.0,1,29,0.4,7.2,100.0%,11,108,9.8,49,1,0
Kyle Juszczyk*\JuszKy00,SFO,26,FB,14,10,7,31,0,12,4.4,2.2,0.5,42,33,315,9.5,1,44,2.4,22.5,78.6%,40,346,8.7,346,1,2
Zach Line\LineZa01,NOR,27,fb,12,4,7,28,0,9,4.0,2.3,0.6,5,2,8,4.0,1,5,0.2,0.7,40.0%,9,36,4.0,36,1,0
Patrick Mahomes\MahoPa00,KAN,22,qb,1,1,7,10,0,5,1.4,10.0,7.0,,,,,,,,,,7,10,1.4,10,0,0
Marcus Murphy\MurpMa03,BUF,26,,1,0,7,41,0,25,5.9,41.0,7.0,2,2,7,3.5,0,5,2.0,7.0,100.0%,10,66,6.6,48,0,0
Nathan Peterman\PeteNa00,BUF,23,qb,4,2,7,23,0,9,3.3,5.8,1.8,,,,,,,,,,7,17,2.4,23,0,2
Bryce Petty\PettBr01,NYJ,26,qb,4,3,7,55,0,24,7.9,13.8,1.8,,,,,,,,,,7,55,7.9,55,0,1
ArDarius Stewart\StewAr00,NYJ,24,wr,15,2,7,27,0,11,3.9,1.8,0.5,13,6,82,13.7,0,46,0.4,5.5,46.2%,22,282,12.8,109,0,0
Fozzy Whittaker\WhitFo00,CAR,28,,12,0,7,18,0,8,2.6,1.5,0.6,6,5,47,9.4,1,28,0.4,3.9,83.3%,18,175,9.7,65,1,0
Martavis Bryant\BryaMa00,PIT,26,WR,15,8,6,22,0,13,3.7,1.5,0.4,84,50,603,12.1,3,51,3.3,40.2,59.5%,65,776,11.9,625,3,0
D.J. Foster\FostD.01,ARI,24,,7,0,6,19,0,5,3.2,2.7,0.9,28,17,133,7.8,0,20,2.4,19.0,60.7%,31,336,10.8,152,0,0
Andy Janovich\JanoAn00,DEN,24,fb,16,4,6,12,1,4,2.0,0.8,0.4,6,4,35,8.8,0,16,0.3,2.2,66.7%,11,57,5.2,47,1,0
Raheem Mostert\MostRa00,SFO,25,,11,0,6,30,0,16,5.0,2.7,0.5,,,,,,,,,,11,113,10.3,30,0,1
Fitzgerald Toussaint\TousFi00,PIT,27,,6,0,6,25,0,7,4.2,4.2,1.0,3,2,9,4.5,0,7,0.3,1.5,66.7%,14,128,9.1,34,0,0
Derek Watt\WattDe00,LAC,25,fb,16,4,6,24,0,17,4.0,1.5,0.4,3,2,35,17.5,0,23,0.1,2.2,66.7%,8,59,7.4,59,0,0
Tommy Bohanon\BohaTo00,JAX,27,FB,16,10,5,5,2,3,1.0,0.3,0.3,11,6,43,7.2,1,14,0.4,2.7,54.5%,12,62,5.2,48,3,0
Michael Campanaro\CampMi02,BAL,26,,13,0,5,42,0,19,8.4,3.2,0.4,27,19,173,9.1,1,18,1.5,13.3,70.4%,57,665,11.7,215,1,4
Kellen Clemens\ClemKe00,LAC,34,,8,0,5,-5,0,-1,-1.0,-0.6,0.6,,,,,,,,,,5,-5,-1.0,-5,0,0
Matthew Dayes\DayeMa00,CLE,23,,16,0,5,13,0,4,2.6,0.8,0.3,5,4,29,7.3,0,15,0.3,1.8,80.0%,27,479,17.7,42,0,0
Alex Erickson\EricAl01,CIN,25,,16,0,5,16,0,14,3.2,1.0,0.3,16,12,180,15.0,1,37,0.8,11.3,75.0%,88,1137,12.9,196,1,6
MarQueis Gray\GrayMa00,MIA,28,,16,0,5,14,0,5,2.8,0.9,0.3,3,1,10,10.0,0,10,0.1,0.6,33.3%,6,24,4.0,24,0,0
Chad Henne\HennCh01,JAX,32,,2,0,5,-5,0,-1,-1.0,-2.5,2.5,,,,,,,,,,5,-5,-1.0,-5,0,0
Adoree' Jackson\JackAd00,TEN,22,CB,16,16,5,55,0,20,11.0,3.4,0.3,1,0,0,,0,0,0.0,0.0,0.0%,64,923,14.4,55,0,1
Matt Jones\JoneMa04,IND,24,,5,0,5,14,0,5,2.8,2.8,1.0,,,,,,,,,,5,14,2.8,14,0,0
Paxton Lynch\LyncPa00,DEN,23,qb,2,2,5,30,0,11,6.0,15.0,2.5,,,,,,,,,,5,30,6.0,30,0,2
Aaron Ripkowski\RipkAa00,GNB,25,fb,16,2,5,13,0,4,2.6,0.8,0.3,10,7,39,5.6,0,12,0.4,2.4,70.0%,12,52,4.3,52,0,0
Golden Tate\TateGo00,DET,29,WR,16,12,5,22,0,10,4.4,1.4,0.3,120,92,1003,10.9,5,71,5.8,62.7,76.7%,101,1048,10.4,1025,5,1
Terrell Watson\WatsTe00,PIT,24,,10,0,5,8,0,3,1.6,0.8,0.5,,,,,,,,,,12,148,12.3,8,0,0
T.J. Yates\YateT.00,HOU,30,qb,4,3,5,51,0,15,10.2,12.8,1.3,,,,,,,,,,5,51,10.2,51,0,5
Michael Burton\BurtMi00,CHI,25,fb,16,3,4,9,0,7,2.3,0.6,0.3,4,2,8,4.0,0,8,0.1,0.5,50.0%,6,17,2.8,17,0,0
Tyler Ervin\ErviTy00,HOU,24,,4,0,4,12,0,6,3.0,3.0,1.0,11,8,38,4.8,0,7,2.0,9.5,72.7%,25,203,8.1,50,0,0
David Fales\FaleDa00,MIA,27,,2,0,4,8,1,3,2.0,4.0,2.0,,,,,,,,,,4,8,2.0,8,1,0
David Fluellen\FlueDa00,TEN,25,,16,0,4,21,0,10,5.3,1.3,0.3,1,0,0,,0,0,0.0,0.0,0.0%,4,21,5.3,21,0,0
Mike Glennon\GlenMi00,CHI,28,qb,4,4,4,4,0,2,1.0,1.0,1.0,,,,,,,,,,4,3,0.8,4,0,5
Marquise Goodwin\GoodMa00,SFO,27,WR,16,16,4,44,0,18,11.0,2.8,0.3,105,56,962,17.2,2,83,3.5,60.1,53.3%,60,1006,16.8,1006,2,0
Ryan Mallett\MallRy00,BAL,29,,2,0,4,-3,0,0,-0.8,-1.5,2.0,,,,,,,,,,4,-3,-0.8,-3,0,1
Devante Mays\MaysDe00,GNB,23,,8,0,4,1,0,2,0.3,0.1,0.5,3,3,0,0.0,0,1,0.4,0.0,100.0%,7,1,0.1,1,0,2
Curtis Samuel\SamuCu00,CAR,21,rb/wr,9,4,4,64,0,31,16.0,7.1,0.4,26,15,115,7.7,0,23,1.7,12.8,57.7%,29,400,13.8,179,0,0
Mohamed Sanu\SanuMo00,ATL,28,WR,15,15,4,10,0,4,2.5,0.7,0.3,96,67,703,10.5,5,25,4.5,46.9,69.8%,71,713,10.0,713,5,0
Tom Savage\SavaTo00,HOU,27,qb,8,7,4,2,0,3,0.5,0.3,0.5,,,,,,,,,,4,2,0.5,2,0,8
Sterling Shepard\ShepSt00,NYG,24,WR,11,10,4,4,0,12,1.0,0.4,0.4,84,59,731,12.4,2,77,5.4,66.5,70.2%,63,735,11.7,735,2,1
Geno Smith\SmitGe00,NYG,27,qb,2,1,4,12,0,10,3.0,6.0,2.0,,,,,,,,,,4,12,3.0,12,0,2
Ryan Switzer\SwitRy00,DAL,23,,16,0,4,5,0,3,1.3,0.3,0.3,7,6,41,6.8,0,12,0.4,2.6,85.7%,63,902,14.3,46,0,1
Robby Anderson\AndeRo04,NYJ,24,WR,16,15,3,9,0,7,3.0,0.6,0.2,114,63,941,14.9,7,69,3.9,58.8,55.3%,66,950,14.4,950,7,0
Teddy Bridgewater\BridTe00,MIN,25,,1,0,3,-3,0,-1,-1.0,-3.0,3.0,,,,,,,,,,3,-3,-1.0,-3,0,0
Kaelin Clay\ClayKa00,2TM,25,,13,2,3,27,0,29,9.0,2.1,0.2,19,6,85,14.2,0,28,0.5,6.5,31.6%,31,313,10.1,112,0,3
Chase Daniel\DaniCh00,NOR,31,,1,0,3,-2,0,0,-0.7,-2.0,3.0,,,,,,,,,,3,-2,-0.7,-2,0,0
LeShun Daniels\DaniLe00,WAS,22,,4,0,3,14,0,8,4.7,3.5,0.8,,,,,,,,,,3,14,4.7,14,0,0
Bruce Ellington\ElliBr00,HOU,26,wr,11,6,3,17,0,13,5.7,1.5,0.3,57,29,330,11.4,2,35,2.6,30.0,50.9%,37,398,10.8,347,2,1
Jakeem Grant\GranJa00,MIA,25,,16,0,3,12,0,7,4.0,0.8,0.2,22,13,203,15.6,2,65,0.8,12.7,59.1%,62,871,14.0,215,2,2
Chris Hogan\HogaCh00,NWE,29,wr,9,7,3,17,0,13,5.7,1.9,0.3,59,34,439,12.9,5,47,3.8,48.8,57.6%,37,456,12.3,456,5,0
DeSean Jackson\JackDe00,TAM,31,WR,14,13,3,38,0,23,12.7,2.7,0.2,90,50,668,13.4,3,41,3.6,47.7,55.6%,53,706,13.3,706,3,0
Matt Moore\MoorMa01,MIA,33,qb,4,2,3,9,0,7,3.0,2.3,0.8,,,,,,,,,,3,9,3.0,9,0,0
JJ Nelson\NelsJJ00,ARI,25,wr,16,5,3,37,0,16,12.3,2.3,0.2,61,29,508,17.5,2,46,1.8,31.8,47.5%,32,545,17.0,545,2,1
Roosevelt Nix*\NixxRo01,PIT,25,fb/rb,16,4,3,0,1,1,0.0,0.0,0.2,3,2,6,3.0,1,5,0.1,0.4,66.7%,5,6,1.2,6,2,0
Bernard Reedy\ReedBe01,2TM,26,,11,0,3,17,0,10,5.7,1.5,0.3,2,2,21,10.5,0,15,0.2,1.9,100.0%,30,358,11.9,38,0,1
Chester Rogers\RogeCh02,IND,23,wr,11,4,3,8,0,7,2.7,0.7,0.3,37,23,284,12.3,1,61,2.1,25.8,62.2%,37,377,10.2,292,1,0
Albert Wilson\WilsAl02,KAN,25,wr,13,7,3,6,0,6,2.0,0.5,0.2,62,42,554,13.2,3,63,3.2,42.6,67.7%,46,578,12.6,560,3,0
Jesus Wilson\WilsJe00,TAM,22,wr,3,1,3,8,0,8,2.7,2.7,1.0,1,1,18,18.0,1,18,0.3,6.0,100.0%,4,26,6.5,26,1,0
Jamal Agnew+\AgneJa00,DET,22,,13,0,2,9,0,5,4.5,0.7,0.2,2,2,18,9.0,0,12,0.2,1.4,100.0%,44,670,15.2,27,0,3
Keenan Allen*\AlleKe00,LAC,25,WR,16,15,2,9,0,6,4.5,0.6,0.1,159,102,1393,13.7,6,51,6.4,87.1,64.2%,104,1461,14.0,1402,6,1
Derek Anderson\AndeDe00,CAR,34,,3,0,2,-2,0,-1,-1.0,-0.7,0.7,,,,,,,,,,2,-2,-1.0,-2,0,0
Doug Baldwin*\BaldDo00,SEA,29,WR,16,16,2,-8,0,-3,-4.0,-0.5,0.1,116,75,991,13.2,8,54,4.7,61.9,64.7%,77,983,12.8,983,8,0
Sam Bradford\BradSa00,MIN,30,qb,2,2,2,-3,0,-1,-1.5,-1.5,1.0,,,,,,,,,,2,-3,-1.5,-3,0,0
Derrick Coleman\ColeDe00,ATL,27,fb,16,7,2,8,0,5,4.0,0.5,0.1,7,2,20,10.0,0,11,0.1,1.3,28.6%,4,28,7.0,28,0,0
Trevor Davis\DaviTr03,GNB,24,,16,0,2,13,0,9,6.5,0.8,0.1,7,5,70,14.0,0,29,0.3,4.4,71.4%,62,1079,17.4,83,0,0
Patrick DiMarco\DiMaPa00,BUF,28,FB/rb,16,9,2,-2,0,0,-1.0,-0.1,0.1,10,7,28,4.0,0,9,0.4,1.8,70.0%,10,50,5.0,26,0,0
Jalston Fowler\FowlJa00,TEN,27,fb,10,1,2,4,1,3,2.0,0.4,0.2,1,0,0,,0,0,0.0,0.0,0.0%,2,4,2.0,4,1,0
Will Fuller\FullWi01,HOU,23,WR,10,10,2,9,0,5,4.5,0.9,0.2,50,28,423,15.1,7,59,2.8,42.3,56.0%,39,567,14.5,432,7,0
Darrius Heyward-Bey\HeywDa00,PIT,30,,16,0,2,32,1,29,16.0,2.0,0.1,3,2,47,23.5,0,44,0.1,2.9,66.7%,4,79,19.8,79,1,0
Travis Kelce*\KelcTr00,KAN,28,TE,15,15,2,7,0,4,3.5,0.5,0.1,122,83,1038,12.5,8,44,5.5,69.2,68.0%,85,1045,12.3,1045,8,0
Marquette King\KingMa00,OAK,29,P,16,0,2,-14,0,-3,-7.0,-0.9,0.1,,,,,,,,,,2,-14,-7.0,-14,0,0
Tavarres King\KingTa00,NYG,27,wr,8,3,2,3,0,11,1.5,0.4,0.3,37,18,240,13.3,3,57,2.3,30.0,48.6%,20,243,12.2,243,3,0
Tommylee Lewis\LewiTo00,NOR,25,,15,0,2,14,0,8,7.0,0.9,0.1,14,10,116,11.6,1,52,0.7,7.7,71.4%,39,552,14.2,130,1,1
Josh Malone\MaloJo00,CIN,21,wr,11,7,2,2,0,4,1.0,0.2,0.2,17,6,63,10.5,1,25,0.5,5.7,35.3%,8,65,8.1,65,1,0
EJ Manuel\ManuEJ00,OAK,27,qb,2,1,2,15,0,10,7.5,7.5,1.0,,,,,,,,,,2,15,7.5,15,0,0
Vince Mayle\MaylVi00,BAL,26,,16,0,2,2,1,2,1.0,0.1,0.1,1,0,0,,0,0,0.0,0.0,0.0%,4,45,11.3,2,1,0
Chris Moore\MoorCh00,BAL,24,wr,13,4,2,-9,0,-4,-4.5,-0.7,0.2,38,18,248,13.8,3,30,1.4,19.1,47.4%,33,585,17.7,239,3,0
Niles Paul\PaulNi00,WAS,28,te/wr,14,8,2,4,0,5,2.0,0.3,0.1,19,13,94,7.2,0,32,0.9,6.7,68.4%,18,145,8.1,98,0,0
Cooper Rush\RushCo00,DAL,24,,2,0,2,13,0,15,6.5,6.5,1.0,,,,,,,,,,2,13,6.5,13,0,0
Russell Shepard\ShepRu00,CAR,27,wr,15,3,2,19,0,11,9.5,1.3,0.1,32,17,202,11.9,1,40,1.1,13.5,53.1%,22,286,13.0,221,1,1
C.J. Spiller\SpilC.00,KAN,30,,1,0,2,0,0,1,0.0,0.0,2.0,2,0,0,,0,0,0.0,0.0,0.0%,2,0,0.0,0,0,0
Lawrence Thomas\ThomLa04,NYJ,24,fb/rb,14,4,2,1,0,1,0.5,0.1,0.1,7,6,43,7.2,0,15,0.4,3.1,85.7%,8,44,5.5,44,0,0
Deonte Thompson\ThomDe04,2TM,28,,16,10,2,-5,0,0,-2.5,-0.3,0.1,69,38,555,14.6,2,46,2.4,34.7,55.1%,51,779,15.3,550,2,1
Scott Tolzien\TolzSc00,IND,30,qb,1,1,2,2,0,3,1.0,2.0,2.0,,,,,,,,,,2,2,1.0,2,0,1
Delanie Walker*\WalkHu00,TEN,33,TE,16,11,2,-2,1,1,-1.0,-0.1,0.1,111,74,807,10.9,3,42,4.6,50.4,66.7%,76,805,10.6,805,4,2
Chad Williams\WillCh05,ARI,23,wr,6,1,2,33,0,33,16.5,5.5,0.3,7,3,31,10.3,0,15,0.5,5.2,42.9%,5,64,12.8,64,0,0
Maxx Williams\WillMa04,BAL,23,te/wr,11,8,2,6,0,4,3.0,0.5,0.2,18,15,86,5.7,1,17,1.4,7.8,83.3%,17,92,5.4,92,1,1
Terrance Williams\WillTe01,DAL,28,WR,16,14,2,15,0,9,7.5,0.9,0.1,78,53,568,10.7,0,56,3.3,35.5,67.9%,55,583,10.6,583,0,0
Robert Woods\WoodRo02,LAR,25,WR,12,11,2,12,0,8,6.0,1.0,0.2,85,56,781,13.9,5,94,4.7,65.1,65.9%,58,793,13.7,793,5,1
Nelson Agholor\AghoNe00,PHI,24,WR,16,10,1,7,0,7,7.0,0.4,0.1,95,62,768,12.4,8,72,3.9,48.0,65.3%,63,775,12.3,775,8,0
Odell Beckham\BeckOd00,NYG,25,wr,4,2,1,8,0,8,8.0,2.0,0.3,41,25,302,12.1,3,48,6.3,75.5,61.0%,27,330,12.2,310,3,0
Josh Bellamy\BellJo02,CHI,28,wr,15,7,1,6,0,6,6.0,0.4,0.1,46,24,376,15.7,1,46,1.6,25.1,52.2%,25,382,15.3,382,1,0
Nat Berhe\BerhNa00,NYG,26,,15,0,1,2,0,2,2.0,0.1,0.1,,,,,,,,,,1,2,2.0,2,0,0
Matthew Bosher\BoshMa00,ATL,30,P,16,0,1,0,0,0,0.0,0.0,0.1,,,,,,,,,,1,0,0.0,0,0,0
Tyler Bray\BrayTy00,KAN,26,,1,0,1,0,0,0,0.0,0.0,1.0,,,,,,,,,,1,-4,-4.0,0,0,1
John Brown\BrowJo02,ARI,27,wr,10,5,1,10,0,10,10.0,1.0,0.1,55,21,299,14.2,3,52,2.1,29.9,38.2%,22,309,14.0,309,3,0
Dez Bryant\BryaDe01,DAL,29,WR,16,16,1,-4,0,-4,-4.0,-0.3,0.1,132,69,838,12.1,6,50,4.3,52.4,52.3%,70,834,11.9,834,6,1
Damiere Byrd\ByrdDa00,CAR,24,wr,8,3,1,12,0,12,12.0,1.5,0.1,17,10,105,10.5,2,31,1.3,13.1,58.8%,19,355,18.7,117,2,0
Amari Cooper\CoopAm00,OAK,23,WR,14,12,1,4,0,4,4.0,0.3,0.1,96,48,680,14.2,7,87,3.4,48.6,50.0%,49,684,14.0,684,7,1
Pharoh Cooper*+\CoopPh00,LAR,22,wr,16,1,1,6,0,6,6.0,0.4,0.1,19,11,84,7.6,0,26,0.7,5.3,57.9%,78,1421,18.2,90,0,3
Austin Davis\DaviAu00,SEA,28,,3,0,1,-1,0,-1,-1.0,-0.3,0.3,,,,,,,,,,1,-1,-1.0,-1,0,0
Justin Davis\DaviJu00,LAR,22,,4,0,1,1,0,1,1.0,0.3,0.3,,,,,,,,,,1,1,1.0,1,0,0
Josh Doctson\DoctJo00,WAS,25,WR,16,14,1,-14,0,-14,-14.0,-0.9,0.1,78,35,502,14.3,6,52,2.2,31.4,44.9%,36,488,13.6,488,6,0
Phillip Dorsett\DorsPh00,NWE,24,wr,15,2,1,7,0,7,7.0,0.5,0.1,18,12,194,16.2,0,39,0.8,12.9,66.7%,13,201,15.5,201,0,0
Nate Ebner\EbneNa00,NWE,29,,9,0,1,14,0,14,14.0,1.6,0.1,,,,,,,,,,1,14,14.0,14,0,1
Evan Engram\EngrEv00,NYG,23,TE,15,11,1,14,0,14,14.0,0.9,0.1,115,64,722,11.3,6,35,4.3,48.1,55.7%,65,736,11.3,736,6,0
Gerald Everett\EverGe00,LAR,23,te,16,2,1,13,0,13,13.0,0.8,0.1,32,16,244,15.3,2,69,1.0,15.3,50.0%,17,257,15.1,257,2,1
Josh Ferguson\FergJo02,IND,24,,10,0,1,5,0,5,5.0,0.5,0.1,4,3,16,5.3,0,8,0.3,1.6,75.0%,9,107,11.9,21,0,0
Kenny Golladay\GollKe00,DET,24,k/wr,11,5,1,9,0,9,9.0,0.8,0.1,48,28,477,17.0,3,54,2.5,43.4,58.3%,29,486,16.8,486,3,0
Taylor Heinicke\HeinTa00,HOU,24,,1,0,1,2,0,2,2.0,2.0,1.0,,,,,,,,,,1,2,2.0,2,0,0
Rashard Higgins\HiggRa00,CLE,23,fb/wr,15,4,1,4,0,4,4.0,0.3,0.1,50,27,312,11.6,2,56,1.8,20.8,54.0%,28,316,11.3,316,2,1
Bronson Hill\HillBr01,ARI,24,,2,0,1,-2,0,-2,-2.0,-1.0,0.5,,,,,,,,,,1,-2,-2.0,-2,0,0
Josh Hill\HillJo02,NOR,27,TE,16,11,1,-8,0,-8,-8.0,-0.5,0.1,22,16,125,7.8,1,22,1.0,7.8,72.7%,17,117,6.9,117,1,2
Jacob Hollister\HollJa03,NWE,24,te,15,1,1,5,0,5,5.0,0.3,0.1,11,4,42,10.5,0,19,0.3,2.8,36.4%,5,47,9.4,47,0,0
Adam Humphries\HumpAd00,TAM,24,wr,16,3,1,6,0,6,6.0,0.4,0.1,83,61,631,10.3,1,43,3.8,39.4,73.5%,68,686,10.1,637,1,1
Chris Jones\JoneCh02,DAL,28,P,16,0,1,24,0,24,24.0,1.5,0.1,,,,,,,,,,1,24,24.0,24,0,0
Julio Jones*\JoneJu02,ATL,28,WR,16,16,1,15,0,15,15.0,0.9,0.1,148,88,1444,16.4,3,53,5.5,90.3,59.5%,89,1459,16.4,1459,3,0
Cody Kessler\KessCo00,CLE,24,,3,0,1,-1,0,-1,-1.0,-0.3,0.3,,,,,,,,,,1,-1,-1.0,-1,0,0
John Kuhn\KuhnJo00,NOR,35,fb,2,1,1,2,0,2,2.0,1.0,0.5,,,,,,,,,,2,11,5.5,2,0,0
Jarvis Landry*\LandJa00,MIA,25,WR,16,16,1,-7,0,-7,-7.0,-0.4,0.1,161,112,987,8.8,9,49,7.0,61.7,69.6%,125,1056,8.4,980,9,4
Marqise Lee\LeexMa00,JAX,26,WR,14,14,1,17,0,17,17.0,1.2,0.1,96,56,702,12.5,3,45,4.0,50.1,58.3%,62,732,11.8,719,3,1
Wil Lutz\LutzWi00,NOR,23,K,16,0,1,4,0,4,4.0,0.3,0.1,,,,,,,,,,1,4,4.0,4,0,0
Rishard Matthews\MattRi00,TEN,28,WR,14,11,1,-3,0,-3,-3.0,-0.2,0.1,87,53,795,15.0,4,75,3.8,56.8,60.9%,54,792,14.7,792,4,0
Darren McFadden\McFaDa00,DAL,30,,1,0,1,-2,0,-2,-2.0,-2.0,1.0,,,,,,,,,,1,-2,-2.0,-2,0,0
Isaiah McKenzie\McKeIs00,DEN,22,,11,0,1,4,0,4,4.0,0.4,0.1,13,4,29,7.3,0,14,0.4,2.6,30.8%,29,266,9.2,33,0,6
Braxton Miller\MillBr03,HOU,25,wr,11,3,1,1,0,1,1.0,0.1,0.1,29,19,162,8.5,1,57,1.7,14.7,65.5%,23,175,7.6,163,1,0
Jojo Natson\NatsJo00,NYJ,23,,7,0,1,15,0,15,15.0,2.1,0.1,5,2,18,9.0,0,19,0.3,2.6,40.0%,35,396,11.3,33,0,1
David Njoku\NjokDa00,CLE,21,te,16,5,1,1,0,1,1.0,0.1,0.1,60,32,386,12.1,4,34,2.0,24.1,53.3%,33,387,11.7,387,4,0
Bobby Rainey\RainBo00,BAL,30,,4,0,1,2,0,2,2.0,0.5,0.3,7,5,18,3.6,0,12,1.3,4.5,71.4%,19,380,20.0,20,0,0
Kalif Raymond\RaymKa00,2TM,23,,8,0,1,-1,0,0,-1.0,-0.1,0.1,1,1,12,12.0,0,12,0.1,1.5,100.0%,34,381,11.2,11,0,5
Kasey Redfern\RedfKa00,DET,26,p,1,0,1,10,0,10,10.0,10.0,1.0,,,,,,,,,,1,10,10.0,10,0,1
John Ross\RossJo00,CIN,23,wr,3,1,1,12,0,12,12.0,4.0,0.3,2,0,0,,0,0,0.0,0.0,0.0%,1,12,12.0,12,0,1
Torrey Smith\SmitTo02,PHI,28,WR,16,14,1,-3,0,-3,-3.0,-0.2,0.1,67,36,430,11.9,2,59,2.3,26.9,53.7%,38,436,11.5,427,2,0
Nate Sudfeld\SudfNa00,PHI,24,,1,0,1,22,0,22,22.0,22.0,1.0,,,,,,,,,,1,16,16.0,22,0,0
Adam Thielen*\ThieAd00,MIN,27,WR,16,16,1,11,0,11,11.0,0.7,0.1,142,91,1276,14.0,4,65,5.7,79.8,64.1%,92,1287,14.0,1287,4,3
De'Anthony Thomas\ThomDe05,KAN,24,wr,16,2,1,4,0,4,4.0,0.3,0.1,16,14,143,10.2,2,57,0.9,8.9,87.5%,36,468,13.0,147,2,1
Bryce Treggs\TregBr00,CLE,23,wr,6,1,1,6,0,6,6.0,1.0,0.2,18,5,79,15.8,0,20,0.8,13.2,27.8%,11,109,9.9,85,0,1
Mike Wallace\WallMi00,BAL,31,WR,15,14,1,4,0,4,4.0,0.3,0.1,92,52,748,14.4,4,66,3.5,49.9,56.5%,53,752,14.2,752,4,0
Eric Weems\WeemEr00,TEN,32,,16,0,1,0,0,0,0.0,0.0,0.1,2,1,5,5.0,0,5,0.1,0.3,50.0%,6,38,6.3,5,0,0
Jermaine Whitehead\WhitJe02,GNB,24,,10,0,1,7,0,7,7.0,0.7,0.1,,,,,,,,,,2,7,3.5,7,0,0
Kyle Williams\WillKy20,BUF,34,LDT/rdt,16,16,1,1,1,1,1.0,0.1,0.1,,,,,,,,,,1,1,1.0,1,1,0